﻿<?xml version="1.0" encoding="UTF-8"?>
<HSoThueDTu xmlns:xsi="http://www.w3.org/2001/XMLSchema-instance" xmlns="http://kekhaithue.gdt.gov.vn/TKhaiThue">
  <HSoKhaiThue>
    <TTinChung>
      <TTinDVu>
        <maDVu>HTKK</maDVu>
        <tenDVu>HỖ TRỢ KÊ KHAI THUẾ</tenDVu>
        <pbanDVu>5.0.0</pbanDVu>
        <ttinNhaCCapDVu>FA8B585B53276FCCF19753E7778C6D25</ttinNhaCCapDVu>
      </TTinDVu>
      <TTinTKhaiThue>
        <TKhaiThue>
          <maTKhai>683</maTKhai>
          <tenTKhai>Bộ báo cáo tài chính (B01a - DNN)(TT133/2016/TT-BTC)</tenTKhai>
          <moTaBMau>(Ban hành theo Thông tư số 133/2016/TT-BTC ngày 26/8/2016 của Bộ Tài chính)</moTaBMau>
          <pbanTKhaiXML>2.3.2</pbanTKhaiXML>
          <loaiTKhai>C</loaiTKhai>
          <soLan>0</soLan>
          <KyKKhaiThue>
            <kieuKy>Y</kieuKy>
            <kyKKhai>2022</kyKKhai>
            <kyKKhaiTuNgay>01/01/2022</kyKKhaiTuNgay>
            <kyKKhaiDenNgay>31/12/2022</kyKKhaiDenNgay>
            <kyKKhaiTuThang />
            <kyKKhaiDenThang />
          </KyKKhaiThue>
          <maCQTNoiNop>70105</maCQTNoiNop>
          <tenCQTNoiNop>Chi cục Thuế Quận 3</tenCQTNoiNop>
          <ngayLapTKhai>2023-03-19</ngayLapTKhai>
          <GiaHan>
            <maLyDoGiaHan>
            </maLyDoGiaHan>
            <lyDoGiaHan>
            </lyDoGiaHan>
          </GiaHan>
          <nguoiKy>
          </nguoiKy>
          <ngayKy>2023-03-19</ngayKy>
          <nganhNgheKD>
          </nganhNgheKD>
        </TKhaiThue>
        <NNT>
          <mst>0304116045</mst>
          <tenNNT>CÔNG TY TNHH MTV DỊCH VỤ THƯƠNG MẠI NGỌC ANH SPA</tenNNT>
          <dchiNNT>346 Lý Thái Tổ, Phường 1</dchiNNT>
          <phuongXa>
          </phuongXa>
          <maHuyenNNT>70105</maHuyenNNT>
          <tenHuyenNNT>Quận 3</tenHuyenNNT>
          <maTinhNNT>701</maTinhNNT>
          <tenTinhNNT>TP Hồ Chí Minh</tenTinhNNT>
          <dthoaiNNT>
          </dthoaiNNT>
          <faxNNT>
          </faxNNT>
          <emailNNT>
          </emailNNT>
        </NNT>
      </TTinTKhaiThue>
    </TTinChung>
    <CTieuTKhaiChinh>
      <bctcDaKiemToan>0</bctcDaKiemToan>
      <maYKienKToan>
      </maYKienKToan>
      <tenYKienKToan>
      </tenYKienKToan>
      <ThuyetMinh>
        <ct110>
        </ct110>
        <ct120>
        </ct120>
        <ct121>
        </ct121>
        <ct122>
        </ct122>
        <ct123>
        </ct123>
        <ct124>
        </ct124>
        <ct130>
        </ct130>
        <ct131>
        </ct131>
        <ct132>
        </ct132>
        <ct133>
        </ct133>
        <ct134>
        </ct134>
        <ct135>
        </ct135>
        <ct136>
        </ct136>
        <ct140>
        </ct140>
        <ct141>
        </ct141>
        <ct142>
        </ct142>
        <ct150>
        </ct150>
        <ct151>
        </ct151>
        <ct152>
        </ct152>
        <ct160>
        </ct160>
        <ct161>
        </ct161>
        <ct162>
        </ct162>
        <ct170>
        </ct170>
        <ct180>
        </ct180>
        <ct181>
        </ct181>
        <ct182>
        </ct182>
        <ct200>
        </ct200>
        <ct300>
        </ct300>
        <ct311>
        </ct311>
        <ct312>
        </ct312>
        <ct313>
        </ct313>
        <ct314>
        </ct314>
        <ct315>
        </ct315>
        <ct316>
        </ct316>
        <ct317>
        </ct317>
        <ct318>
        </ct318>
        <ct319>
        </ct319>
        <ct320>
        </ct320>
        <ct400>
        </ct400>
        <ct411>
        </ct411>
        <ct412>
        </ct412>
        <ct413>
        </ct413>
        <ct414>
        </ct414>
        <ct415>
        </ct415>
        <ct416>
        </ct416>
        <ct417>
        </ct417>
        <ct500>
        </ct500>
      </ThuyetMinh>
      <SoCuoiNam>
        <ct110>0</ct110>
        <ct120>0</ct120>
        <ct121>0</ct121>
        <ct122>0</ct122>
        <ct123>0</ct123>
        <ct124>0</ct124>
        <ct130>0</ct130>
        <ct131>0</ct131>
        <ct132>0</ct132>
        <ct133>0</ct133>
        <ct134>0</ct134>
        <ct135>0</ct135>
        <ct136>0</ct136>
        <ct140>0</ct140>
        <ct141>0</ct141>
        <ct142>0</ct142>
        <ct150>0</ct150>
        <ct151>0</ct151>
        <ct152>0</ct152>
        <ct160>0</ct160>
        <ct161>0</ct161>
        <ct162>0</ct162>
        <ct170>0</ct170>
        <ct180>0</ct180>
        <ct181>0</ct181>
        <ct182>0</ct182>
        <ct200>0</ct200>
        <ct300>0</ct300>
        <ct311>0</ct311>
        <ct312>0</ct312>
        <ct313>0</ct313>
        <ct314>0</ct314>
        <ct315>0</ct315>
        <ct316>0</ct316>
        <ct317>0</ct317>
        <ct318>0</ct318>
        <ct319>0</ct319>
        <ct320>0</ct320>
        <ct400>0</ct400>
        <ct411>0</ct411>
        <ct412>0</ct412>
        <ct413>0</ct413>
        <ct414>0</ct414>
        <ct415>0</ct415>
        <ct416>0</ct416>
        <ct417>0</ct417>
        <ct500>0</ct500>
      </SoCuoiNam>
      <SoDauNam>
        <ct110>0</ct110>
        <ct120>0</ct120>
        <ct121>0</ct121>
        <ct122>0</ct122>
        <ct123>0</ct123>
        <ct124>0</ct124>
        <ct130>0</ct130>
        <ct131>0</ct131>
        <ct132>0</ct132>
        <ct133>0</ct133>
        <ct134>0</ct134>
        <ct135>0</ct135>
        <ct136>0</ct136>
        <ct140>0</ct140>
        <ct141>0</ct141>
        <ct142>0</ct142>
        <ct150>0</ct150>
        <ct151>0</ct151>
        <ct152>0</ct152>
        <ct160>0</ct160>
        <ct161>0</ct161>
        <ct162>0</ct162>
        <ct170>0</ct170>
        <ct180>0</ct180>
        <ct181>0</ct181>
        <ct182>0</ct182>
        <ct200>0</ct200>
        <ct300>0</ct300>
        <ct311>0</ct311>
        <ct312>0</ct312>
        <ct313>0</ct313>
        <ct314>0</ct314>
        <ct315>0</ct315>
        <ct316>0</ct316>
        <ct317>0</ct317>
        <ct318>0</ct318>
        <ct319>0</ct319>
        <ct320>0</ct320>
        <ct400>0</ct400>
        <ct411>0</ct411>
        <ct412>0</ct412>
        <ct413>0</ct413>
        <ct414>0</ct414>
        <ct415>0</ct415>
        <ct416>0</ct416>
        <ct417>0</ct417>
        <ct500>0</ct500>
      </SoDauNam>
      <nguoiLapBieu>
      </nguoiLapBieu>
      <keToanTruong>
      </keToanTruong>
      <ngayLap>2023-03-19</ngayLap>
      <nguoiDaiDienTheoPhapLuat>
      </nguoiDaiDienTheoPhapLuat>
    </CTieuTKhaiChinh>
    <PLuc>
      <PL_KQHDSXKD>
        <ThuyetMinh>
          <ct01 />
          <ct02 />
          <ct10 />
          <ct11 />
          <ct20 />
          <ct21 />
          <ct22 />
          <ct23 />
          <ct24 />
          <ct30 />
          <ct31 />
          <ct32 />
          <ct40 />
          <ct50 />
          <ct51 />
          <ct60 />
        </ThuyetMinh>
        <NamNay>
          <ct01>0</ct01>
          <ct02>0</ct02>
          <ct10>0</ct10>
          <ct11>0</ct11>
          <ct20>0</ct20>
          <ct21>0</ct21>
          <ct22>0</ct22>
          <ct23>0</ct23>
          <ct24>0</ct24>
          <ct30>0</ct30>
          <ct31>0</ct31>
          <ct32>0</ct32>
          <ct40>0</ct40>
          <ct50>0</ct50>
          <ct51>0</ct51>
          <ct60>0</ct60>
        </NamNay>
        <NamTruoc>
          <ct01>0</ct01>
          <ct02>0</ct02>
          <ct10>0</ct10>
          <ct11>0</ct11>
          <ct20>0</ct20>
          <ct21>0</ct21>
          <ct22>0</ct22>
          <ct23>0</ct23>
          <ct24>0</ct24>
          <ct30>0</ct30>
          <ct31>0</ct31>
          <ct32>0</ct32>
          <ct40>0</ct40>
          <ct50>0</ct50>
          <ct51>0</ct51>
          <ct60>0</ct60>
        </NamTruoc>
      </PL_KQHDSXKD>
      <PL_LCTTTT>
        <ThuyetMinh>
          <ct01 />
          <ct02 />
          <ct03 />
          <ct04 />
          <ct05 />
          <ct06 />
          <ct07 />
          <ct20 />
          <ct21 />
          <ct22 />
          <ct23 />
          <ct24 />
          <ct25 />
          <ct30 />
          <ct31 />
          <ct32 />
          <ct33 />
          <ct34 />
          <ct35 />
          <ct40 />
          <ct50 />
          <ct60 />
          <ct61 />
          <ct70 />
        </ThuyetMinh>
        <NamNay>
          <ct01>0</ct01>
          <ct02>0</ct02>
          <ct03>0</ct03>
          <ct04>0</ct04>
          <ct05>0</ct05>
          <ct06>0</ct06>
          <ct07>0</ct07>
          <ct20>0</ct20>
          <ct21>0</ct21>
          <ct22>0</ct22>
          <ct23>0</ct23>
          <ct24>0</ct24>
          <ct25>0</ct25>
          <ct30>0</ct30>
          <ct31>0</ct31>
          <ct32>0</ct32>
          <ct33>0</ct33>
          <ct34>0</ct34>
          <ct35>0</ct35>
          <ct40>0</ct40>
          <ct50>0</ct50>
          <ct60>0</ct60>
          <ct61>0</ct61>
          <ct70>0</ct70>
        </NamNay>
        <NamTruoc>
          <ct01>0</ct01>
          <ct02>0</ct02>
          <ct03>0</ct03>
          <ct04>0</ct04>
          <ct05>0</ct05>
          <ct06>0</ct06>
          <ct07>0</ct07>
          <ct20>0</ct20>
          <ct21>0</ct21>
          <ct22>0</ct22>
          <ct23>0</ct23>
          <ct24>0</ct24>
          <ct25>0</ct25>
          <ct30>0</ct30>
          <ct31>0</ct31>
          <ct32>0</ct32>
          <ct33>0</ct33>
          <ct34>0</ct34>
          <ct35>0</ct35>
          <ct40>0</ct40>
          <ct50>0</ct50>
          <ct60>0</ct60>
          <ct61>0</ct61>
          <ct70>0</ct70>
        </NamTruoc>
      </PL_LCTTTT>
      <PL_CDTK>
        <SoDuDauKy>
          <No>
            <ct111>0</ct111>
            <ct1111>0</ct1111>
            <ct1112>0</ct1112>
            <ct112>0</ct112>
            <ct1121>0</ct1121>
            <ct1122>0</ct1122>
            <ct121>0</ct121>
            <ct128>0</ct128>
            <ct1281>0</ct1281>
            <ct1288>0</ct1288>
            <ct131>0</ct131>
            <ct133>0</ct133>
            <ct1331>0</ct1331>
            <ct1332>0</ct1332>
            <ct136>0</ct136>
            <ct1361>0</ct1361>
            <ct1368>0</ct1368>
            <ct138>0</ct138>
            <ct1381>0</ct1381>
            <ct1386>0</ct1386>
            <ct1388>0</ct1388>
            <ct141>0</ct141>
            <ct151>0</ct151>
            <ct152>0</ct152>
            <ct153>0</ct153>
            <ct154>0</ct154>
            <ct155>0</ct155>
            <ct156>0</ct156>
            <ct157>0</ct157>
            <ct211>0</ct211>
            <ct2111>0</ct2111>
            <ct2112>0</ct2112>
            <ct2113>0</ct2113>
            <ct214>0</ct214>
            <ct2141>0</ct2141>
            <ct2142>0</ct2142>
            <ct2143>0</ct2143>
            <ct2147>0</ct2147>
            <ct217>0</ct217>
            <ct228>0</ct228>
            <ct2281>0</ct2281>
            <ct2288>0</ct2288>
            <ct229>0</ct229>
            <ct2291>0</ct2291>
            <ct2292>0</ct2292>
            <ct2293>0</ct2293>
            <ct2294>0</ct2294>
            <ct241>0</ct241>
            <ct2411>0</ct2411>
            <ct2412>0</ct2412>
            <ct2413>0</ct2413>
            <ct242>0</ct242>
            <ct331>0</ct331>
            <ct333>0</ct333>
            <ct3331>0</ct3331>
            <ct33311>0</ct33311>
            <ct33312>0</ct33312>
            <ct3332>0</ct3332>
            <ct3333>0</ct3333>
            <ct3334>0</ct3334>
            <ct3335>0</ct3335>
            <ct3336>0</ct3336>
            <ct3337>0</ct3337>
            <ct3338>0</ct3338>
            <ct33381>0</ct33381>
            <ct33382>0</ct33382>
            <ct3339>0</ct3339>
            <ct334>0</ct334>
            <ct335>0</ct335>
            <ct336>0</ct336>
            <ct3361>0</ct3361>
            <ct3368>0</ct3368>
            <ct338>0</ct338>
            <ct3381>0</ct3381>
            <ct3382>0</ct3382>
            <ct3383>0</ct3383>
            <ct3384>0</ct3384>
            <ct3385>0</ct3385>
            <ct3386>0</ct3386>
            <ct3387>0</ct3387>
            <ct3388>0</ct3388>
            <ct341>0</ct341>
            <ct3411>0</ct3411>
            <ct3412>0</ct3412>
            <ct352>0</ct352>
            <ct3521>0</ct3521>
            <ct3522>0</ct3522>
            <ct3524>0</ct3524>
            <ct353>0</ct353>
            <ct3531>0</ct3531>
            <ct3532>0</ct3532>
            <ct3533>0</ct3533>
            <ct3534>0</ct3534>
            <ct356>0</ct356>
            <ct3561>0</ct3561>
            <ct3562>0</ct3562>
            <ct411>0</ct411>
            <ct4111>0</ct4111>
            <ct4112>0</ct4112>
            <ct4118>0</ct4118>
            <ct413>0</ct413>
            <ct418>0</ct418>
            <ct419>0</ct419>
            <ct421>0</ct421>
            <ct4211>0</ct4211>
            <ct4212>0</ct4212>
            <ct511>0</ct511>
            <ct5111>0</ct5111>
            <ct5112>0</ct5112>
            <ct5113>0</ct5113>
            <ct5118>0</ct5118>
            <ct515>0</ct515>
            <ct611>0</ct611>
            <ct631>0</ct631>
            <ct632>0</ct632>
            <ct635>0</ct635>
            <ct642>0</ct642>
            <ct6421>0</ct6421>
            <ct6422>0</ct6422>
            <ct711>0</ct711>
            <ct811>0</ct811>
            <ct821>0</ct821>
            <ct911>0</ct911>
            <tongCong>0</tongCong>
          </No>
          <Co>
            <ct111>0</ct111>
            <ct1111>0</ct1111>
            <ct1112>0</ct1112>
            <ct112>0</ct112>
            <ct1121>0</ct1121>
            <ct1122>0</ct1122>
            <ct121>0</ct121>
            <ct128>0</ct128>
            <ct1281>0</ct1281>
            <ct1288>0</ct1288>
            <ct131>0</ct131>
            <ct133>0</ct133>
            <ct1331>0</ct1331>
            <ct1332>0</ct1332>
            <ct136>0</ct136>
            <ct1361>0</ct1361>
            <ct1368>0</ct1368>
            <ct138>0</ct138>
            <ct1381>0</ct1381>
            <ct1386>0</ct1386>
            <ct1388>0</ct1388>
            <ct141>0</ct141>
            <ct151>0</ct151>
            <ct152>0</ct152>
            <ct153>0</ct153>
            <ct154>0</ct154>
            <ct155>0</ct155>
            <ct156>0</ct156>
            <ct157>0</ct157>
            <ct211>0</ct211>
            <ct2111>0</ct2111>
            <ct2112>0</ct2112>
            <ct2113>0</ct2113>
            <ct214>0</ct214>
            <ct2141>0</ct2141>
            <ct2142>0</ct2142>
            <ct2143>0</ct2143>
            <ct2147>0</ct2147>
            <ct217>0</ct217>
            <ct228>0</ct228>
            <ct2281>0</ct2281>
            <ct2288>0</ct2288>
            <ct229>0</ct229>
            <ct2291>0</ct2291>
            <ct2292>0</ct2292>
            <ct2293>0</ct2293>
            <ct2294>0</ct2294>
            <ct241>0</ct241>
            <ct2411>0</ct2411>
            <ct2412>0</ct2412>
            <ct2413>0</ct2413>
            <ct242>0</ct242>
            <ct331>0</ct331>
            <ct333>0</ct333>
            <ct3331>0</ct3331>
            <ct33311>0</ct33311>
            <ct33312>0</ct33312>
            <ct3332>0</ct3332>
            <ct3333>0</ct3333>
            <ct3334>0</ct3334>
            <ct3335>0</ct3335>
            <ct3336>0</ct3336>
            <ct3337>0</ct3337>
            <ct3338>0</ct3338>
            <ct33381>0</ct33381>
            <ct33382>0</ct33382>
            <ct3339>0</ct3339>
            <ct334>0</ct334>
            <ct335>0</ct335>
            <ct336>0</ct336>
            <ct3361>0</ct3361>
            <ct3368>0</ct3368>
            <ct338>0</ct338>
            <ct3381>0</ct3381>
            <ct3382>0</ct3382>
            <ct3383>0</ct3383>
            <ct3384>0</ct3384>
            <ct3385>0</ct3385>
            <ct3386>0</ct3386>
            <ct3387>0</ct3387>
            <ct3388>0</ct3388>
            <ct341>0</ct341>
            <ct3411>0</ct3411>
            <ct3412>0</ct3412>
            <ct352>0</ct352>
            <ct3521>0</ct3521>
            <ct3522>0</ct3522>
            <ct3524>0</ct3524>
            <ct353>0</ct353>
            <ct3531>0</ct3531>
            <ct3532>0</ct3532>
            <ct3533>0</ct3533>
            <ct3534>0</ct3534>
            <ct356>0</ct356>
            <ct3561>0</ct3561>
            <ct3562>0</ct3562>
            <ct411>0</ct411>
            <ct4111>0</ct4111>
            <ct4112>0</ct4112>
            <ct4118>0</ct4118>
            <ct413>0</ct413>
            <ct418>0</ct418>
            <ct419>0</ct419>
            <ct421>0</ct421>
            <ct4211>0</ct4211>
            <ct4212>0</ct4212>
            <ct511>0</ct511>
            <ct5111>0</ct5111>
            <ct5112>0</ct5112>
            <ct5113>0</ct5113>
            <ct5118>0</ct5118>
            <ct515>0</ct515>
            <ct611>0</ct611>
            <ct631>0</ct631>
            <ct632>0</ct632>
            <ct635>0</ct635>
            <ct642>0</ct642>
            <ct6421>0</ct6421>
            <ct6422>0</ct6422>
            <ct711>0</ct711>
            <ct811>0</ct811>
            <ct821>0</ct821>
            <ct911>0</ct911>
            <tongCong>0</tongCong>
          </Co>
        </SoDuDauKy>
        <SoPhatSinhTrongKy>
          <No>
            <ct111>0</ct111>
            <ct1111>0</ct1111>
            <ct1112>0</ct1112>
            <ct112>0</ct112>
            <ct1121>0</ct1121>
            <ct1122>0</ct1122>
            <ct121>0</ct121>
            <ct128>0</ct128>
            <ct1281>0</ct1281>
            <ct1288>0</ct1288>
            <ct131>0</ct131>
            <ct133>0</ct133>
            <ct1331>0</ct1331>
            <ct1332>0</ct1332>
            <ct136>0</ct136>
            <ct1361>0</ct1361>
            <ct1368>0</ct1368>
            <ct138>0</ct138>
            <ct1381>0</ct1381>
            <ct1386>0</ct1386>
            <ct1388>0</ct1388>
            <ct141>0</ct141>
            <ct151>0</ct151>
            <ct152>0</ct152>
            <ct153>0</ct153>
            <ct154>0</ct154>
            <ct155>0</ct155>
            <ct156>0</ct156>
            <ct157>0</ct157>
            <ct211>0</ct211>
            <ct2111>0</ct2111>
            <ct2112>0</ct2112>
            <ct2113>0</ct2113>
            <ct214>0</ct214>
            <ct2141>0</ct2141>
            <ct2142>0</ct2142>
            <ct2143>0</ct2143>
            <ct2147>0</ct2147>
            <ct217>0</ct217>
            <ct228>0</ct228>
            <ct2281>0</ct2281>
            <ct2288>0</ct2288>
            <ct229>0</ct229>
            <ct2291>0</ct2291>
            <ct2292>0</ct2292>
            <ct2293>0</ct2293>
            <ct2294>0</ct2294>
            <ct241>0</ct241>
            <ct2411>0</ct2411>
            <ct2412>0</ct2412>
            <ct2413>0</ct2413>
            <ct242>0</ct242>
            <ct331>0</ct331>
            <ct333>0</ct333>
            <ct3331>0</ct3331>
            <ct33311>0</ct33311>
            <ct33312>0</ct33312>
            <ct3332>0</ct3332>
            <ct3333>0</ct3333>
            <ct3334>0</ct3334>
            <ct3335>0</ct3335>
            <ct3336>0</ct3336>
            <ct3337>0</ct3337>
            <ct3338>0</ct3338>
            <ct33381>0</ct33381>
            <ct33382>0</ct33382>
            <ct3339>0</ct3339>
            <ct334>0</ct334>
            <ct335>0</ct335>
            <ct336>0</ct336>
            <ct3361>0</ct3361>
            <ct3368>0</ct3368>
            <ct338>0</ct338>
            <ct3381>0</ct3381>
            <ct3382>0</ct3382>
            <ct3383>0</ct3383>
            <ct3384>0</ct3384>
            <ct3385>0</ct3385>
            <ct3386>0</ct3386>
            <ct3387>0</ct3387>
            <ct3388>0</ct3388>
            <ct341>0</ct341>
            <ct3411>0</ct3411>
            <ct3412>0</ct3412>
            <ct352>0</ct352>
            <ct3521>0</ct3521>
            <ct3522>0</ct3522>
            <ct3524>0</ct3524>
            <ct353>0</ct353>
            <ct3531>0</ct3531>
            <ct3532>0</ct3532>
            <ct3533>0</ct3533>
            <ct3534>0</ct3534>
            <ct356>0</ct356>
            <ct3561>0</ct3561>
            <ct3562>0</ct3562>
            <ct411>0</ct411>
            <ct4111>0</ct4111>
            <ct4112>0</ct4112>
            <ct4118>0</ct4118>
            <ct413>0</ct413>
            <ct418>0</ct418>
            <ct419>0</ct419>
            <ct421>0</ct421>
            <ct4211>0</ct4211>
            <ct4212>0</ct4212>
            <ct511>0</ct511>
            <ct5111>0</ct5111>
            <ct5112>0</ct5112>
            <ct5113>0</ct5113>
            <ct5118>0</ct5118>
            <ct515>0</ct515>
            <ct611>0</ct611>
            <ct631>0</ct631>
            <ct632>0</ct632>
            <ct635>0</ct635>
            <ct642>0</ct642>
            <ct6421>0</ct6421>
            <ct6422>0</ct6422>
            <ct711>0</ct711>
            <ct811>0</ct811>
            <ct821>0</ct821>
            <ct911>0</ct911>
            <tongCong>0</tongCong>
          </No>
          <Co>
            <ct111>0</ct111>
            <ct1111>0</ct1111>
            <ct1112>0</ct1112>
            <ct112>0</ct112>
            <ct1121>0</ct1121>
            <ct1122>0</ct1122>
            <ct121>0</ct121>
            <ct128>0</ct128>
            <ct1281>0</ct1281>
            <ct1288>0</ct1288>
            <ct131>0</ct131>
            <ct133>0</ct133>
            <ct1331>0</ct1331>
            <ct1332>0</ct1332>
            <ct136>0</ct136>
            <ct1361>0</ct1361>
            <ct1368>0</ct1368>
            <ct138>0</ct138>
            <ct1381>0</ct1381>
            <ct1386>0</ct1386>
            <ct1388>0</ct1388>
            <ct141>0</ct141>
            <ct151>0</ct151>
            <ct152>0</ct152>
            <ct153>0</ct153>
            <ct154>0</ct154>
            <ct155>0</ct155>
            <ct156>0</ct156>
            <ct157>0</ct157>
            <ct211>0</ct211>
            <ct2111>0</ct2111>
            <ct2112>0</ct2112>
            <ct2113>0</ct2113>
            <ct214>0</ct214>
            <ct2141>0</ct2141>
            <ct2142>0</ct2142>
            <ct2143>0</ct2143>
            <ct2147>0</ct2147>
            <ct217>0</ct217>
            <ct228>0</ct228>
            <ct2281>0</ct2281>
            <ct2288>0</ct2288>
            <ct229>0</ct229>
            <ct2291>0</ct2291>
            <ct2292>0</ct2292>
            <ct2293>0</ct2293>
            <ct2294>0</ct2294>
            <ct241>0</ct241>
            <ct2411>0</ct2411>
            <ct2412>0</ct2412>
            <ct2413>0</ct2413>
            <ct242>0</ct242>
            <ct331>0</ct331>
            <ct333>0</ct333>
            <ct3331>0</ct3331>
            <ct33311>0</ct33311>
            <ct33312>0</ct33312>
            <ct3332>0</ct3332>
            <ct3333>0</ct3333>
            <ct3334>0</ct3334>
            <ct3335>0</ct3335>
            <ct3336>0</ct3336>
            <ct3337>0</ct3337>
            <ct3338>0</ct3338>
            <ct33381>0</ct33381>
            <ct33382>0</ct33382>
            <ct3339>0</ct3339>
            <ct334>0</ct334>
            <ct335>0</ct335>
            <ct336>0</ct336>
            <ct3361>0</ct3361>
            <ct3368>0</ct3368>
            <ct338>0</ct338>
            <ct3381>0</ct3381>
            <ct3382>0</ct3382>
            <ct3383>0</ct3383>
            <ct3384>0</ct3384>
            <ct3385>0</ct3385>
            <ct3386>0</ct3386>
            <ct3387>0</ct3387>
            <ct3388>0</ct3388>
            <ct341>0</ct341>
            <ct3411>0</ct3411>
            <ct3412>0</ct3412>
            <ct352>0</ct352>
            <ct3521>0</ct3521>
            <ct3522>0</ct3522>
            <ct3524>0</ct3524>
            <ct353>0</ct353>
            <ct3531>0</ct3531>
            <ct3532>0</ct3532>
            <ct3533>0</ct3533>
            <ct3534>0</ct3534>
            <ct356>0</ct356>
            <ct3561>0</ct3561>
            <ct3562>0</ct3562>
            <ct411>0</ct411>
            <ct4111>0</ct4111>
            <ct4112>0</ct4112>
            <ct4118>0</ct4118>
            <ct413>0</ct413>
            <ct418>0</ct418>
            <ct419>0</ct419>
            <ct421>0</ct421>
            <ct4211>0</ct4211>
            <ct4212>0</ct4212>
            <ct511>0</ct511>
            <ct5111>0</ct5111>
            <ct5112>0</ct5112>
            <ct5113>0</ct5113>
            <ct5118>0</ct5118>
            <ct515>0</ct515>
            <ct611>0</ct611>
            <ct631>0</ct631>
            <ct632>0</ct632>
            <ct635>0</ct635>
            <ct642>0</ct642>
            <ct6421>0</ct6421>
            <ct6422>0</ct6422>
            <ct711>0</ct711>
            <ct811>0</ct811>
            <ct821>0</ct821>
            <ct911>0</ct911>
            <tongCong>0</tongCong>
          </Co>
        </SoPhatSinhTrongKy>
        <SoDuCuoiKy>
          <No>
            <ct111>0</ct111>
            <ct1111>0</ct1111>
            <ct1112>0</ct1112>
            <ct112>0</ct112>
            <ct1121>0</ct1121>
            <ct1122>0</ct1122>
            <ct121>0</ct121>
            <ct128>0</ct128>
            <ct1281>0</ct1281>
            <ct1288>0</ct1288>
            <ct131>0</ct131>
            <ct133>0</ct133>
            <ct1331>0</ct1331>
            <ct1332>0</ct1332>
            <ct136>0</ct136>
            <ct1361>0</ct1361>
            <ct1368>0</ct1368>
            <ct138>0</ct138>
            <ct1381>0</ct1381>
            <ct1386>0</ct1386>
            <ct1388>0</ct1388>
            <ct141>0</ct141>
            <ct151>0</ct151>
            <ct152>0</ct152>
            <ct153>0</ct153>
            <ct154>0</ct154>
            <ct155>0</ct155>
            <ct156>0</ct156>
            <ct157>0</ct157>
            <ct211>0</ct211>
            <ct2111>0</ct2111>
            <ct2112>0</ct2112>
            <ct2113>0</ct2113>
            <ct214>0</ct214>
            <ct2141>0</ct2141>
            <ct2142>0</ct2142>
            <ct2143>0</ct2143>
            <ct2147>0</ct2147>
            <ct217>0</ct217>
            <ct228>0</ct228>
            <ct2281>0</ct2281>
            <ct2288>0</ct2288>
            <ct229>0</ct229>
            <ct2291>0</ct2291>
            <ct2292>0</ct2292>
            <ct2293>0</ct2293>
            <ct2294>0</ct2294>
            <ct241>0</ct241>
            <ct2411>0</ct2411>
            <ct2412>0</ct2412>
            <ct2413>0</ct2413>
            <ct242>0</ct242>
            <ct331>0</ct331>
            <ct333>0</ct333>
            <ct3331>0</ct3331>
            <ct33311>0</ct33311>
            <ct33312>0</ct33312>
            <ct3332>0</ct3332>
            <ct3333>0</ct3333>
            <ct3334>0</ct3334>
            <ct3335>0</ct3335>
            <ct3336>0</ct3336>
            <ct3337>0</ct3337>
            <ct3338>0</ct3338>
            <ct33381>0</ct33381>
            <ct33382>0</ct33382>
            <ct3339>0</ct3339>
            <ct334>0</ct334>
            <ct335>0</ct335>
            <ct336>0</ct336>
            <ct3361>0</ct3361>
            <ct3368>0</ct3368>
            <ct338>0</ct338>
            <ct3381>0</ct3381>
            <ct3382>0</ct3382>
            <ct3383>0</ct3383>
            <ct3384>0</ct3384>
            <ct3385>0</ct3385>
            <ct3386>0</ct3386>
            <ct3387>0</ct3387>
            <ct3388>0</ct3388>
            <ct341>0</ct341>
            <ct3411>0</ct3411>
            <ct3412>0</ct3412>
            <ct352>0</ct352>
            <ct3521>0</ct3521>
            <ct3522>0</ct3522>
            <ct3524>0</ct3524>
            <ct353>0</ct353>
            <ct3531>0</ct3531>
            <ct3532>0</ct3532>
            <ct3533>0</ct3533>
            <ct3534>0</ct3534>
            <ct356>0</ct356>
            <ct3561>0</ct3561>
            <ct3562>0</ct3562>
            <ct411>0</ct411>
            <ct4111>0</ct4111>
            <ct4112>0</ct4112>
            <ct4118>0</ct4118>
            <ct413>0</ct413>
            <ct418>0</ct418>
            <ct419>0</ct419>
            <ct421>0</ct421>
            <ct4211>0</ct4211>
            <ct4212>0</ct4212>
            <ct511>0</ct511>
            <ct5111>0</ct5111>
            <ct5112>0</ct5112>
            <ct5113>0</ct5113>
            <ct5118>0</ct5118>
            <ct515>0</ct515>
            <ct611>0</ct611>
            <ct631>0</ct631>
            <ct632>0</ct632>
            <ct635>0</ct635>
            <ct642>0</ct642>
            <ct6421>0</ct6421>
            <ct6422>0</ct6422>
            <ct711>0</ct711>
            <ct811>0</ct811>
            <ct821>0</ct821>
            <ct911>0</ct911>
            <tongCong>0</tongCong>
          </No>
          <Co>
            <ct111>0</ct111>
            <ct1111>0</ct1111>
            <ct1112>0</ct1112>
            <ct112>0</ct112>
            <ct1121>0</ct1121>
            <ct1122>0</ct1122>
            <ct121>0</ct121>
            <ct128>0</ct128>
            <ct1281>0</ct1281>
            <ct1288>0</ct1288>
            <ct131>0</ct131>
            <ct133>0</ct133>
            <ct1331>0</ct1331>
            <ct1332>0</ct1332>
            <ct136>0</ct136>
            <ct1361>0</ct1361>
            <ct1368>0</ct1368>
            <ct138>0</ct138>
            <ct1381>0</ct1381>
            <ct1386>0</ct1386>
            <ct1388>0</ct1388>
            <ct141>0</ct141>
            <ct151>0</ct151>
            <ct152>0</ct152>
            <ct153>0</ct153>
            <ct154>0</ct154>
            <ct155>0</ct155>
            <ct156>0</ct156>
            <ct157>0</ct157>
            <ct211>0</ct211>
            <ct2111>0</ct2111>
            <ct2112>0</ct2112>
            <ct2113>0</ct2113>
            <ct214>0</ct214>
            <ct2141>0</ct2141>
            <ct2142>0</ct2142>
            <ct2143>0</ct2143>
            <ct2147>0</ct2147>
            <ct217>0</ct217>
            <ct228>0</ct228>
            <ct2281>0</ct2281>
            <ct2288>0</ct2288>
            <ct229>0</ct229>
            <ct2291>0</ct2291>
            <ct2292>0</ct2292>
            <ct2293>0</ct2293>
            <ct2294>0</ct2294>
            <ct241>0</ct241>
            <ct2411>0</ct2411>
            <ct2412>0</ct2412>
            <ct2413>0</ct2413>
            <ct242>0</ct242>
            <ct331>0</ct331>
            <ct333>0</ct333>
            <ct3331>0</ct3331>
            <ct33311>0</ct33311>
            <ct33312>0</ct33312>
            <ct3332>0</ct3332>
            <ct3333>0</ct3333>
            <ct3334>0</ct3334>
            <ct3335>0</ct3335>
            <ct3336>0</ct3336>
            <ct3337>0</ct3337>
            <ct3338>0</ct3338>
            <ct33381>0</ct33381>
            <ct33382>0</ct33382>
            <ct3339>0</ct3339>
            <ct334>0</ct334>
            <ct335>0</ct335>
            <ct336>0</ct336>
            <ct3361>0</ct3361>
            <ct3368>0</ct3368>
            <ct338>0</ct338>
            <ct3381>0</ct3381>
            <ct3382>0</ct3382>
            <ct3383>0</ct3383>
            <ct3384>0</ct3384>
            <ct3385>0</ct3385>
            <ct3386>0</ct3386>
            <ct3387>0</ct3387>
            <ct3388>0</ct3388>
            <ct341>0</ct341>
            <ct3411>0</ct3411>
            <ct3412>0</ct3412>
            <ct352>0</ct352>
            <ct3521>0</ct3521>
            <ct3522>0</ct3522>
            <ct3524>0</ct3524>
            <ct353>0</ct353>
            <ct3531>0</ct3531>
            <ct3532>0</ct3532>
            <ct3533>0</ct3533>
            <ct3534>0</ct3534>
            <ct356>0</ct356>
            <ct3561>0</ct3561>
            <ct3562>0</ct3562>
            <ct411>0</ct411>
            <ct4111>0</ct4111>
            <ct4112>0</ct4112>
            <ct4118>0</ct4118>
            <ct413>0</ct413>
            <ct418>0</ct418>
            <ct419>0</ct419>
            <ct421>0</ct421>
            <ct4211>0</ct4211>
            <ct4212>0</ct4212>
            <ct511>0</ct511>
            <ct5111>0</ct5111>
            <ct5112>0</ct5112>
            <ct5113>0</ct5113>
            <ct5118>0</ct5118>
            <ct515>0</ct515>
            <ct611>0</ct611>
            <ct631>0</ct631>
            <ct632>0</ct632>
            <ct635>0</ct635>
            <ct642>0</ct642>
            <ct6421>0</ct6421>
            <ct6422>0</ct6422>
            <ct711>0</ct711>
            <ct811>0</ct811>
            <ct821>0</ct821>
            <ct911>0</ct911>
            <tongCong>0</tongCong>
          </Co>
        </SoDuCuoiKy>
      </PL_CDTK>
    </PLuc>
  </HSoKhaiThue>
</HSoThueDTu>