﻿<?xml version="1.0" encoding="UTF-8"?>
<HSoThueDTu xmlns:xsi="http://www.w3.org/2001/XMLSchema-instance" xmlns="http://kekhaithue.gdt.gov.vn/TKhaiThue">
  <HSoKhaiThue>
    <TTinChung>
      <TTinDVu>
        <maDVu>HTKK</maDVu>
        <tenDVu>HỖ TRỢ KÊ KHAI THUẾ</tenDVu>
        <pbanDVu>5.0.0</pbanDVu>
        <ttinNhaCCapDVu>56B6F0104E1D8675F683BAB407BE7A28</ttinNhaCCapDVu>
      </TTinDVu>
      <TTinTKhaiThue>
        <TKhaiThue>
          <maTKhai>402</maTKhai>
          <tenTKhai>Báo cáo tài chính (TT200/2014/TT-BTC)</tenTKhai>
          <moTaBMau>(Ban hành theo Thông tư số 200/2014/TT-BTC Ngày 22/12/2014 của Bộ Tài chính)</moTaBMau>
          <pbanTKhaiXML>2.2.6</pbanTKhaiXML>
          <loaiTKhai>C</loaiTKhai>
          <soLan>0</soLan>
          <KyKKhaiThue>
            <kieuKy>Y</kieuKy>
            <kyKKhai>2022</kyKKhai>
            <kyKKhaiTuNgay>01/01/2022</kyKKhaiTuNgay>
            <kyKKhaiDenNgay>31/12/2022</kyKKhaiDenNgay>
            <kyKKhaiTuThang />
            <kyKKhaiDenThang />
          </KyKKhaiThue>
          <maCQTNoiNop>70105</maCQTNoiNop>
          <tenCQTNoiNop>Chi cục Thuế Quận 3</tenCQTNoiNop>
          <ngayLapTKhai>2023-03-19</ngayLapTKhai>
          <GiaHan>
            <maLyDoGiaHan>
            </maLyDoGiaHan>
            <lyDoGiaHan>
            </lyDoGiaHan>
          </GiaHan>
          <nguoiKy>
          </nguoiKy>
          <ngayKy>2023-03-19</ngayKy>
          <nganhNgheKD>
          </nganhNgheKD>
        </TKhaiThue>
        <NNT>
          <mst>0304116045</mst>
          <tenNNT>CÔNG TY TNHH MTV DỊCH VỤ THƯƠNG MẠI NGỌC ANH SPA</tenNNT>
          <dchiNNT>346 Lý Thái Tổ, Phường 1</dchiNNT>
          <phuongXa>
          </phuongXa>
          <maHuyenNNT>70105</maHuyenNNT>
          <tenHuyenNNT>Quận 3</tenHuyenNNT>
          <maTinhNNT>701</maTinhNNT>
          <tenTinhNNT>TP Hồ Chí Minh</tenTinhNNT>
          <dthoaiNNT>
          </dthoaiNNT>
          <faxNNT>
          </faxNNT>
          <emailNNT>
          </emailNNT>
        </NNT>
      </TTinTKhaiThue>
    </TTinChung>
    <CTieuTKhaiChinh>
      <bctcDaKiemToan>false</bctcDaKiemToan>
      <maYKienKToan>
      </maYKienKToan>
      <tenYKienKToan>
      </tenYKienKToan>
      <hoatDongLienTuc>true</hoatDongLienTuc>
      <hoatDongKhongLienTuc>false</hoatDongKhongLienTuc>
      <CDKT_HoatDongLienTuc>
        <ThuyetMinh>
          <ct100>
          </ct100>
          <ct110>
          </ct110>
          <ct111>
          </ct111>
          <ct112>
          </ct112>
          <ct120>
          </ct120>
          <ct121>
          </ct121>
          <ct122>
          </ct122>
          <ct123>
          </ct123>
          <ct130>
          </ct130>
          <ct131>
          </ct131>
          <ct132>
          </ct132>
          <ct133>
          </ct133>
          <ct134>
          </ct134>
          <ct135>
          </ct135>
          <ct136>
          </ct136>
          <ct137>
          </ct137>
          <ct139>
          </ct139>
          <ct140>
          </ct140>
          <ct141>
          </ct141>
          <ct149>
          </ct149>
          <ct150>
          </ct150>
          <ct151>
          </ct151>
          <ct152>
          </ct152>
          <ct153>
          </ct153>
          <ct154>
          </ct154>
          <ct155>
          </ct155>
          <ct200>
          </ct200>
          <ct210>
          </ct210>
          <ct211>
          </ct211>
          <ct212>
          </ct212>
          <ct213>
          </ct213>
          <ct214>
          </ct214>
          <ct215>
          </ct215>
          <ct216>
          </ct216>
          <ct219>
          </ct219>
          <ct220>
          </ct220>
          <ct221>
          </ct221>
          <ct222>
          </ct222>
          <ct223>
          </ct223>
          <ct224>
          </ct224>
          <ct225>
          </ct225>
          <ct226>
          </ct226>
          <ct227>
          </ct227>
          <ct228>
          </ct228>
          <ct229>
          </ct229>
          <ct230>
          </ct230>
          <ct231>
          </ct231>
          <ct232>
          </ct232>
          <ct240>
          </ct240>
          <ct241>
          </ct241>
          <ct242>
          </ct242>
          <ct250>
          </ct250>
          <ct251>
          </ct251>
          <ct252>
          </ct252>
          <ct253>
          </ct253>
          <ct254>
          </ct254>
          <ct255>
          </ct255>
          <ct260>
          </ct260>
          <ct261>
          </ct261>
          <ct262>
          </ct262>
          <ct263>
          </ct263>
          <ct268>
          </ct268>
          <ct270>
          </ct270>
          <ct300>
          </ct300>
          <ct310>
          </ct310>
          <ct311>
          </ct311>
          <ct312>
          </ct312>
          <ct313>
          </ct313>
          <ct314>
          </ct314>
          <ct315>
          </ct315>
          <ct316>
          </ct316>
          <ct317>
          </ct317>
          <ct318>
          </ct318>
          <ct319>
          </ct319>
          <ct320>
          </ct320>
          <ct321>
          </ct321>
          <ct322>
          </ct322>
          <ct323>
          </ct323>
          <ct324>
          </ct324>
          <ct330>
          </ct330>
          <ct331>
          </ct331>
          <ct332>
          </ct332>
          <ct333>
          </ct333>
          <ct334>
          </ct334>
          <ct335>
          </ct335>
          <ct336>
          </ct336>
          <ct337>
          </ct337>
          <ct338>
          </ct338>
          <ct339>
          </ct339>
          <ct340>
          </ct340>
          <ct341>
          </ct341>
          <ct342>
          </ct342>
          <ct343>
          </ct343>
          <ct400>
          </ct400>
          <ct410>
          </ct410>
          <ct411>
          </ct411>
          <ct411a>
          </ct411a>
          <ct411b>
          </ct411b>
          <ct412>
          </ct412>
          <ct413>
          </ct413>
          <ct414>
          </ct414>
          <ct415>
          </ct415>
          <ct416>
          </ct416>
          <ct417>
          </ct417>
          <ct418>
          </ct418>
          <ct419>
          </ct419>
          <ct420>
          </ct420>
          <ct421>
          </ct421>
          <ct421a>
          </ct421a>
          <ct421b>
          </ct421b>
          <ct422>
          </ct422>
          <ct430>
          </ct430>
          <ct431>
          </ct431>
          <ct432>
          </ct432>
          <ct440>
          </ct440>
        </ThuyetMinh>
        <SoCuoiNam>
          <ct100>0</ct100>
          <ct110>0</ct110>
          <ct111>0</ct111>
          <ct112>0</ct112>
          <ct120>0</ct120>
          <ct121>0</ct121>
          <ct122>0</ct122>
          <ct123>0</ct123>
          <ct130>0</ct130>
          <ct131>0</ct131>
          <ct132>0</ct132>
          <ct133>0</ct133>
          <ct134>0</ct134>
          <ct135>0</ct135>
          <ct136>0</ct136>
          <ct137>0</ct137>
          <ct139>0</ct139>
          <ct140>0</ct140>
          <ct141>0</ct141>
          <ct149>0</ct149>
          <ct150>0</ct150>
          <ct151>0</ct151>
          <ct152>0</ct152>
          <ct153>0</ct153>
          <ct154>0</ct154>
          <ct155>0</ct155>
          <ct200>0</ct200>
          <ct210>0</ct210>
          <ct211>0</ct211>
          <ct212>0</ct212>
          <ct213>0</ct213>
          <ct214>0</ct214>
          <ct215>0</ct215>
          <ct216>0</ct216>
          <ct219>0</ct219>
          <ct220>0</ct220>
          <ct221>0</ct221>
          <ct222>0</ct222>
          <ct223>0</ct223>
          <ct224>0</ct224>
          <ct225>0</ct225>
          <ct226>0</ct226>
          <ct227>0</ct227>
          <ct228>0</ct228>
          <ct229>0</ct229>
          <ct230>0</ct230>
          <ct231>0</ct231>
          <ct232>0</ct232>
          <ct240>0</ct240>
          <ct241>0</ct241>
          <ct242>0</ct242>
          <ct250>0</ct250>
          <ct251>0</ct251>
          <ct252>0</ct252>
          <ct253>0</ct253>
          <ct254>0</ct254>
          <ct255>0</ct255>
          <ct260>0</ct260>
          <ct261>0</ct261>
          <ct262>0</ct262>
          <ct263>0</ct263>
          <ct268>0</ct268>
          <ct270>0</ct270>
          <ct300>0</ct300>
          <ct310>0</ct310>
          <ct311>0</ct311>
          <ct312>0</ct312>
          <ct313>0</ct313>
          <ct314>0</ct314>
          <ct315>0</ct315>
          <ct316>0</ct316>
          <ct317>0</ct317>
          <ct318>0</ct318>
          <ct319>0</ct319>
          <ct320>0</ct320>
          <ct321>0</ct321>
          <ct322>0</ct322>
          <ct323>0</ct323>
          <ct324>0</ct324>
          <ct330>0</ct330>
          <ct331>0</ct331>
          <ct332>0</ct332>
          <ct333>0</ct333>
          <ct334>0</ct334>
          <ct335>0</ct335>
          <ct336>0</ct336>
          <ct337>0</ct337>
          <ct338>0</ct338>
          <ct339>0</ct339>
          <ct340>0</ct340>
          <ct341>0</ct341>
          <ct342>0</ct342>
          <ct343>0</ct343>
          <ct400>0</ct400>
          <ct410>0</ct410>
          <ct411>0</ct411>
          <ct411a>0</ct411a>
          <ct411b>0</ct411b>
          <ct412>0</ct412>
          <ct413>0</ct413>
          <ct414>0</ct414>
          <ct415>0</ct415>
          <ct416>0</ct416>
          <ct417>0</ct417>
          <ct418>0</ct418>
          <ct419>0</ct419>
          <ct420>0</ct420>
          <ct421>0</ct421>
          <ct421a>0</ct421a>
          <ct421b>0</ct421b>
          <ct422>0</ct422>
          <ct430>0</ct430>
          <ct431>0</ct431>
          <ct432>0</ct432>
          <ct440>0</ct440>
        </SoCuoiNam>
        <SoDauNam>
          <ct100>0</ct100>
          <ct110>0</ct110>
          <ct111>0</ct111>
          <ct112>0</ct112>
          <ct120>0</ct120>
          <ct121>0</ct121>
          <ct122>0</ct122>
          <ct123>0</ct123>
          <ct130>0</ct130>
          <ct131>0</ct131>
          <ct132>0</ct132>
          <ct133>0</ct133>
          <ct134>0</ct134>
          <ct135>0</ct135>
          <ct136>0</ct136>
          <ct137>0</ct137>
          <ct139>0</ct139>
          <ct140>0</ct140>
          <ct141>0</ct141>
          <ct149>0</ct149>
          <ct150>0</ct150>
          <ct151>0</ct151>
          <ct152>0</ct152>
          <ct153>0</ct153>
          <ct154>0</ct154>
          <ct155>0</ct155>
          <ct200>0</ct200>
          <ct210>0</ct210>
          <ct211>0</ct211>
          <ct212>0</ct212>
          <ct213>0</ct213>
          <ct214>0</ct214>
          <ct215>0</ct215>
          <ct216>0</ct216>
          <ct219>0</ct219>
          <ct220>0</ct220>
          <ct221>0</ct221>
          <ct222>0</ct222>
          <ct223>0</ct223>
          <ct224>0</ct224>
          <ct225>0</ct225>
          <ct226>0</ct226>
          <ct227>0</ct227>
          <ct228>0</ct228>
          <ct229>0</ct229>
          <ct230>0</ct230>
          <ct231>0</ct231>
          <ct232>0</ct232>
          <ct240>0</ct240>
          <ct241>0</ct241>
          <ct242>0</ct242>
          <ct250>0</ct250>
          <ct251>0</ct251>
          <ct252>0</ct252>
          <ct253>0</ct253>
          <ct254>0</ct254>
          <ct255>0</ct255>
          <ct260>0</ct260>
          <ct261>0</ct261>
          <ct262>0</ct262>
          <ct263>0</ct263>
          <ct268>0</ct268>
          <ct270>0</ct270>
          <ct300>0</ct300>
          <ct310>0</ct310>
          <ct311>0</ct311>
          <ct312>0</ct312>
          <ct313>0</ct313>
          <ct314>0</ct314>
          <ct315>0</ct315>
          <ct316>0</ct316>
          <ct317>0</ct317>
          <ct318>0</ct318>
          <ct319>0</ct319>
          <ct320>0</ct320>
          <ct321>0</ct321>
          <ct322>0</ct322>
          <ct323>0</ct323>
          <ct324>0</ct324>
          <ct330>0</ct330>
          <ct331>0</ct331>
          <ct332>0</ct332>
          <ct333>0</ct333>
          <ct334>0</ct334>
          <ct335>0</ct335>
          <ct336>0</ct336>
          <ct337>0</ct337>
          <ct338>0</ct338>
          <ct339>0</ct339>
          <ct340>0</ct340>
          <ct341>0</ct341>
          <ct342>0</ct342>
          <ct343>0</ct343>
          <ct400>0</ct400>
          <ct410>0</ct410>
          <ct411>0</ct411>
          <ct411a>0</ct411a>
          <ct411b>0</ct411b>
          <ct412>0</ct412>
          <ct413>0</ct413>
          <ct414>0</ct414>
          <ct415>0</ct415>
          <ct416>0</ct416>
          <ct417>0</ct417>
          <ct418>0</ct418>
          <ct419>0</ct419>
          <ct420>0</ct420>
          <ct421>0</ct421>
          <ct421a>0</ct421a>
          <ct421b>0</ct421b>
          <ct422>0</ct422>
          <ct430>0</ct430>
          <ct431>0</ct431>
          <ct432>0</ct432>
          <ct440>0</ct440>
        </SoDauNam>
        <nguoiLapBieu>
        </nguoiLapBieu>
        <keToanTruong>
        </keToanTruong>
        <ngayLap>2023-03-19</ngayLap>
        <giamDoc>a</giamDoc>
        <soChungChiHanhNghe>
        </soChungChiHanhNghe>
        <donViCCapDVuKToan>
        </donViCCapDVuKToan>
      </CDKT_HoatDongLienTuc>
    </CTieuTKhaiChinh>
    <PLuc>
      <PL_KQHDSXKD>
        <ThuyetMinh>
          <ct01 />
          <ct02 />
          <ct10 />
          <ct11 />
          <ct20 />
          <ct21 />
          <ct22 />
          <ct23 />
          <ct25 />
          <ct26 />
          <ct30 />
          <ct31 />
          <ct32 />
          <ct40 />
          <ct50 />
          <ct51 />
          <ct52 />
          <ct60 />
          <ct70 />
          <ct71 />
        </ThuyetMinh>
        <NamNay>
          <ct01>0</ct01>
          <ct02>0</ct02>
          <ct10>0</ct10>
          <ct11>0</ct11>
          <ct20>0</ct20>
          <ct21>0</ct21>
          <ct22>0</ct22>
          <ct23>0</ct23>
          <ct25>0</ct25>
          <ct26>0</ct26>
          <ct30>0</ct30>
          <ct31>0</ct31>
          <ct32>0</ct32>
          <ct40>0</ct40>
          <ct50>0</ct50>
          <ct51>0</ct51>
          <ct52>0</ct52>
          <ct60>0</ct60>
          <ct70>0</ct70>
          <ct71>0</ct71>
        </NamNay>
        <NamTruoc>
          <ct01>0</ct01>
          <ct02>0</ct02>
          <ct10>0</ct10>
          <ct11>0</ct11>
          <ct20>0</ct20>
          <ct21>0</ct21>
          <ct22>0</ct22>
          <ct23>0</ct23>
          <ct25>0</ct25>
          <ct26>0</ct26>
          <ct30>0</ct30>
          <ct31>0</ct31>
          <ct32>0</ct32>
          <ct40>0</ct40>
          <ct50>0</ct50>
          <ct51>0</ct51>
          <ct52>0</ct52>
          <ct60>0</ct60>
          <ct70>0</ct70>
          <ct71>0</ct71>
        </NamTruoc>
        <PhanKy>
          <nguoiLapBieu />
          <keToanTruong />
          <ngayLap>2023-03-19</ngayLap>
          <giamDoc>a</giamDoc>
        </PhanKy>
      </PL_KQHDSXKD>
      <PL_LCTTTT>
        <ThuyetMinh>
          <ct01 />
          <ct02 />
          <ct03 />
          <ct04 />
          <ct05 />
          <ct06 />
          <ct07 />
          <ct20 />
          <ct21 />
          <ct22 />
          <ct23 />
          <ct24 />
          <ct25 />
          <ct26 />
          <ct27 />
          <ct30 />
          <ct31 />
          <ct32 />
          <ct33 />
          <ct34 />
          <ct35 />
          <ct36 />
          <ct40 />
          <ct50 />
          <ct60 />
          <ct61 />
          <ct70 />
        </ThuyetMinh>
        <NamNay>
          <ct01>0</ct01>
          <ct02>0</ct02>
          <ct03>0</ct03>
          <ct04>0</ct04>
          <ct05>0</ct05>
          <ct06>0</ct06>
          <ct07>0</ct07>
          <ct20>0</ct20>
          <ct21>0</ct21>
          <ct22>0</ct22>
          <ct23>0</ct23>
          <ct24>0</ct24>
          <ct25>0</ct25>
          <ct26>0</ct26>
          <ct27>0</ct27>
          <ct30>0</ct30>
          <ct31>0</ct31>
          <ct32>0</ct32>
          <ct33>0</ct33>
          <ct34>0</ct34>
          <ct35>0</ct35>
          <ct36>0</ct36>
          <ct40>0</ct40>
          <ct50>0</ct50>
          <ct60>0</ct60>
          <ct61>0</ct61>
          <ct70>0</ct70>
        </NamNay>
        <NamTruoc>
          <ct01>0</ct01>
          <ct02>0</ct02>
          <ct03>0</ct03>
          <ct04>0</ct04>
          <ct05>0</ct05>
          <ct06>0</ct06>
          <ct07>0</ct07>
          <ct20>0</ct20>
          <ct21>0</ct21>
          <ct22>0</ct22>
          <ct23>0</ct23>
          <ct24>0</ct24>
          <ct25>0</ct25>
          <ct26>0</ct26>
          <ct27>0</ct27>
          <ct30>0</ct30>
          <ct31>0</ct31>
          <ct32>0</ct32>
          <ct33>0</ct33>
          <ct34>0</ct34>
          <ct35>0</ct35>
          <ct36>0</ct36>
          <ct40>0</ct40>
          <ct50>0</ct50>
          <ct60>0</ct60>
          <ct61>0</ct61>
          <ct70>0</ct70>
        </NamTruoc>
        <PhanKy>
          <nguoiLapBieu />
          <keToanTruong />
          <ngayLap>2023-03-19</ngayLap>
          <giamDoc>a</giamDoc>
        </PhanKy>
      </PL_LCTTTT>
    </PLuc>
  </HSoKhaiThue>
</HSoThueDTu>